sample_name,total_reads,log_total_reads,estimated_biomass_per_pcrrxn,estimated_biomass_per_dnarxn,extraction_mass_g,estimated_cells_per_g,log_estimated_cells_per_g
13414.1.gill,66584.0,4.823369881624892,735394.6335136829,8824735.602164194,0.607,14538279.41048467,7.162513011285877
13414.1.hg,4747.0,3.67641923171836,71.05890286117695,852.7068343341234,0.088,9689.850390160494,3.9863170716607415
13414.1.midgut,24577.0,4.390528869479608,22457.429097906574,269489.1491748789,0.0818,3294488.3762210137,6.5177879795867035
13414.1.skin,5431.0,3.7348798027926273,113.83080008849556,1365.9696010619468,0.143,9552.234972461167,3.9801049969917597
13414.10.gill,26581.0,4.424571315444656,29547.834319528585,354574.011834343,0.366,968781.4530992979,5.986225815835105
13414.10.hg,1671.0,3.2229764498933915,1.8379833048229042,22.05579965787485,0.036,612.6611016076348,2.7872203074685054
13414.10.midgut,10964.0,4.03996902686746,1331.1436928666046,15973.724314399256,0.1001,159577.66547851407,5.202972107326767
13414.10.skin,13647.0,4.135037191549618,2864.251501310736,34371.01801572883,0.062,554371.2583182069,5.743800705951919
13414.100.g,3237.0,3.5101426994025733,18.602329007036555,223.22794808443865,0.0483,4621.6966477109445,3.6648014364808805
13414.100.hg,12632.0,4.101472117000238,2185.3276995864535,26223.932395037442,0.0261,1004748.3676259556,6.002057309283963
13414.100.midg,14923.0,4.173856138986269,3916.4890424217415,46997.8685090609,0.0202,2326627.153913906,6.366726792409429
13414.100.s,3629.0,3.5597869682005565,27.755377365110043,333.06452838132054,0.0248,13430.02130569841,4.128076701644137
13414.101.g,21307.0,4.328522305877335,13624.042696124156,163488.51235348987,0.0404,4046745.355284403,6.607105876920782
13414.101.hg,1610.0,3.2068258760318495,1.613639295697563,19.363671548370753,0.0697,277.81451288910694,2.443754929317448
13414.101.midg,2159.0,3.334252642334231,4.506755434271957,54.081065211263486,0.0625,865.2970433802158,2.9371652197836204
13414.101.s,5833.0,3.7658919764300154,146.15643284619017,1753.877194154282,0.0899,19509.201269791793,4.290239489219081
13414.102.hg,7011.0,3.8457799671118895,278.2697068262661,3339.236481915193,0.0329,101496.54960228551,5.006451278562944
13414.102.midg,9093.0,3.9587071910872846,691.4611704569213,8297.534045483055,0.0302,274752.782963015,5.438942100074089
13414.103.g,6650.0,3.8228216453031045,231.25988257155024,2775.118590858603,0.2811,9872.353578294567,3.994420701222432
13414.103.hg,2076.0,3.31722734917642,3.9288634457654674,47.14636134918561,0.0347,1358.6847651062135,3.1331187056981973
13414.103.midg,2273.0,3.356599435724971,5.396211521727458,64.75453826072949,0.0156,4150.931939790352,3.6181456125845397
13414.103.s,1287.0,3.1095785469043866,0.7368720491557573,8.842464589869088,0.116,76.22814301611282,1.8821153401074533
13414.11.gill,1690.0,3.2278867046136734,1.9121850305218446,22.946220366262136,0.223,102.89784917606339,2.0124062970099588
13414.11.hg,13380.0,4.1264561134318045,2672.8407038176633,32074.08844581196,0.062,517324.0071905155,5.713762632958554
13414.11.midgut,29717.0,4.473004964267271,43658.387770774374,523900.6532492925,0.0844,6207353.711484509,6.792906493342402
13414.11.skin,41365.0,4.616633028663394,138943.38805225483,1667320.656627058,0.057,29251239.589948386,7.466144275056401
13414.12.gill,12268.0,4.088773767310448,1972.7224369909184,23672.66924389102,0.353,67061.38596003123,4.826472524764942
13414.12.hg,22766.0,4.357286731514121,17178.921621672114,206147.0594600654,0.057,3616615.078246761,6.558302288609802
13414.12.skin,6716.0,3.827110687466011,239.39446084244645,2872.733530109357,0.089,32277.904832689408,4.508905336795616
13414.13.gill,9823.0,3.9922441440467713,906.0745586145488,10872.894703374586,0.203,53561.05765209156,4.728849144290904
13414.13.hg,11403.0,4.057019124322766,1527.245389934072,18326.944679208864,0.059,310626.18100354006,5.492238057272081
13414.13.midgut,18175.0,4.259474419531076,7809.150577775816,93709.8069333098,0.0619,1513890.2574040357,6.180094394099797
13414.13.skin,36007.0,4.556386938707568,85496.11554352517,1025953.386522302,0.067,15312737.112273164,7.185052826655843
13414.14.gill,101669.0,5.007188551927084,3235771.946175942,38829263.35411131,0.56,69337970.27519876,7.8409711244391715
13414.14.hg,9906.0,3.995898323646437,933.1584556433177,11197.901467719812,0.118,94897.47006542214,4.977254634437065
13414.14.midgut,9588.0,3.9817280253616163,832.4386794868236,9989.264153841883,0.119,83943.39625077213,4.92398653627327
13414.14.skin,6837.0,3.834865579900038,254.83560504510538,3058.0272605412647,0.049,62408.71960288295,4.795245272548728
13414.15.gill,73048.0,4.863608329772651,1017127.0081659595,12205524.097991515,0.683,17870459.87992901,7.252135728820453
13414.15.hg,9942.0,3.9974737588029803,945.083559057247,11341.002708686965,0.121,93727.29511311541,4.9718660838522695
13414.15.midgut,9576.0,3.9811841373983543,828.7973832844395,9945.568599413275,0.1316,75574.22947882427,4.8783737279993655
13414.15.skin,8506.0,3.9297253783780044,547.4152993524541,6568.98359222945,0.297,22117.78987282643,4.344741727786791
13414.16.gill,21164.0,4.325597752860019,13306.645744934667,159679.74893921602,0.037,4315668.890249082,6.635048117045647
13414.16.hg,22496.0,4.35210530333973,16476.2473599546,197714.9683194552,0.0116,17044393.82064269,7.231581560271201
13414.16.midgut,14132.0,4.1502036287628075,3236.691287948508,38840.2954553821,0.005,7768059.091076419,6.89031252055994
13414.16.skin,5302.0,3.7244397233970745,104.64398731397544,1255.7278477677053,0.115,10919.372589284394,4.03819768517827
13414.17.gill,92360.0,4.965483924245139,2312015.8776437514,27744190.53172502,0.41,67668757.39445128,7.830388201580442
13414.17.hg,5751.0,3.759743367597725,139.08962083191904,1669.0754499830284,0.059,28289.414406492007,4.451623957613888
13414.17.midgut,13512.0,4.130719636562953,2766.2889606711115,33195.46752805334,0.0263,1262185.0771122943,6.101123041180148
13414.17.skin,14513.0,4.161757195261727,3552.585595466349,42631.027145596185,0.163,261540.0438380134,5.417538192195568
13414.18.gill,1453.0,3.1622656142980214,1.1267387180712565,13.520864616855079,0.291,46.46345229159821,1.6671114752767286
13414.18.midgut,6798.0,3.832381160247041,249.78329651895322,2997.399558227439,0.1313,22828.6333452204,4.358479912874589
13414.18.skin,13883.0,4.142483323659504,3041.419616342597,36497.03539611116,0.338,107979.39466305077,5.033340888469233
13414.19.gill,31291.0,4.495419442581866,52303.36117675829,627640.3341210994,0.121,5187110.199347929,6.71492547461019
13414.19.hg,34183.0,4.5338101750105695,71271.58189383203,855258.9827259844,0.028,30544963.66878516,7.484939612903762
13414.19.midgut,4259.0,3.629307640073749,48.60761603336252,583.2913924003502,0.1013,5758.059154988649,3.7602761222567525
13414.19.skin,20205.0,4.305458854778667,11312.858657841596,135754.30389409914,0.107,1268731.8120943846,6.10336982947312
13414.2.gill,2358.0,3.3725438007590705,6.136238504265672,73.63486205118807,0.2937,250.71454562883235,2.3991795310187904
13414.2.hg,12178.0,4.085575969718504,1922.5254174704844,23070.305009645814,0.267,86405.63674024648,4.936542074948042
13414.2.midgut,14428.0,4.159206133646325,3480.282972293026,41763.39566751631,0.0696,600048.7883263838,5.778186563116172
13414.2.skin,4905.0,3.6906390117159673,79.68835331466002,956.2602397759202,0.121,7902.977188230746,3.897790728359596
13414.20.gill,4771.0,3.6786094165589263,72.32446705594546,867.8936046713455,0.236,3677.5152740311255,3.5655544851830236
13414.20.hg,7541.0,3.87742894078822,359.1312491966142,4309.5749903593705,0.067,64322.014781483136,4.808359639514899
13414.20.midgut,4872.0,3.687707279624819,77.82736402488521,933.9283682986226,0.0213,43846.402267540965,4.641933963963051
13414.20.skin,2495.0,3.397070549959409,7.4775296351374925,89.7303556216499,0.044,2039.326264128407,3.3094867124752483
13414.21.gill,71808.0,4.85617283090403,957959.6459964224,11495515.751957068,0.751,15306945.075841635,7.184888523873355
13414.21.hg,1711.0,3.2332500095411003,1.996660234279004,23.95992281134805,0.066,363.0291335052735,2.559941479066073
13414.21.midgut,2457.0,3.390405156480081,7.086404292612099,85.03685151134519,0.1007,844.4573139160397,2.9265777015100434
13414.21.skin,13176.0,4.119783586161698,2532.8874238823123,30394.64908658775,0.097,313346.8977998737,5.496025399450652
13414.22.gill,21684.0,4.336139398608557,14486.70568917687,173840.46827012242,0.254,684411.2924020567,5.835317166543291
13414.22.hg,9558.0,3.980367026184775,823.3567922840259,9880.281507408312,0.177,55820.79947688312,4.746796052251364
13414.22.midgut,3740.0,3.5728716022004803,30.84252401248918,370.11028814987014,0.0383,9663.453998691126,3.9851323836058627
13414.22.skin,5392.0,3.7317498835272636,110.9950222839373,1331.9402674072476,0.154,8648.962775371738,3.936964027933927
13414.23.gill,55347.0,4.743094085580497,385048.0671460004,4620576.8057520045,0.069,66964881.24278267,7.825847102983129
13414.23.hg,37771.0,4.577158483073032,101078.1294432388,1212937.5533188656,0.028,43319198.33281663,7.636680410952923
13414.23.skin,21577.0,4.333991061569507,14238.01286602687,170856.15439232244,0.069,2476176.1506133685,6.393781536357057
13414.24.gill,30779.0,4.488254505633963,49368.36331905699,592420.3598286839,0.076,7795004.734587946,6.891816383309953
13414.24.midgut,11277.0,4.0521935804334746,1468.9837830677116,17627.80539681254,0.0277,636382.866310922,5.803718478380593
13414.24.skin,1975.0,3.295567099962479,3.2994777894875087,39.59373347385011,0.083,477.0329334198808,2.678548362915993
13414.25.gill,37839.0,4.577939650451199,101716.56218623123,1220598.7462347746,0.016,76287421.63967341,7.8824529368696155
13414.25.hg,1490.0,3.173186268412274,1.2304131937974312,14.764958325569175,0.0114,1295.1717829446645,3.112327374160298
13414.25.midgut,33837.0,4.5293918513764115,68778.08058830655,825336.9670596786,0.0064,128958901.10307477,8.110451323725096
13414.25.skin,25938.0,4.413936485917295,27120.54566084754,325446.5479301705,0.003,108482182.64339016,8.035358414543309
13414.26.gill,2673.0,3.426998958756537,9.51749307397939,114.20991688775268,0.132,865.2266430890354,2.937129884285771
13414.26.hg,3418.0,3.533772058384718,22.505150273718357,270.0618032846203,0.0636,4246.254768626105,3.628006047599448
13414.26.midgut,2150.0,3.3324384599156054,4.4413340932944925,53.296009119533906,0.0273,1952.234766283293,3.290532042618919
13414.26.skin,22814.0,4.358201437211247,17306.04491383433,207672.53896601195,0.082,2532591.938609902,6.403565220155201
13414.27.gill,7284.0,3.8623699371228826,318.0820326188595,3816.984391426314,0.285,13392.927689215137,4.126875524008893
13414.27.hg,25227.0,4.401865607199611,24606.185829850692,295274.2299582083,0.015,19684948.663880553,7.294134286536842
13414.27.midgut,12421.0,4.0941565617825235,2060.19563093649,24722.34757123788,0.0466,530522.4800694823,5.724703791184166
13414.27.skin,7277.0,3.8619523749214517,317.0132839557837,3804.159407469405,0.124,30678.704898946813,4.48683702192907
13414.28.gill,1811.0,3.2579184503140586,2.435881020033755,29.23057224040506,0.467,62.59223177816929,1.7965204369609309
13414.28.hg,12907.0,4.110825310054965,2356.4456784740473,28277.34814168857,0.132,214222.3344067316,5.33086474756001
13414.28.midgut,7168.0,3.8553979966540686,300.7002942036795,3608.403530444154,0.1469,24563.67277361575,4.390293303269665
13414.28.skin,2870.0,3.4578818967339924,12.20754478920566,146.49053747046793,0.0953,1537.151494968184,3.1867166717850117
13414.29.gill,13206.0,4.1207712929369915,2553.132513480353,30637.590161764234,0.173,177095.89688881062,5.248208499195772
13414.29.hg,3678.0,3.5656117249020585,29.089529932554,349.074359190648,0.04,8726.8589797662,3.9408579581135985
13414.29.midgut,6642.0,3.8222988712623662,230.28748122462585,2763.4497746955103,0.0442,62521.488115283035,4.7960293064003245
13414.3.gill,37158.0,4.570052330393215,95451.355749668,1145416.2689960161,0.519,2206967.762998104,6.343795989503165
13414.3.hg,24310.0,4.3857849588433355,21614.936948975796,259379.24338770955,0.082,3163161.504728165,6.500121366693337
13414.3.midgut,12630.0,4.101403350555331,2184.1167705537346,26209.401246644815,0.0516,507934.132686915,5.705807397982174
13414.3.skin,5040.0,3.7024305364455254,87.6336896796453,1051.6042761557437,0.173,6078.637434426265,3.7838062402879067
13414.30.gill,22295.0,4.3482074766856265,15966.655580145753,191599.86696174904,0.425,450823.216380586,5.654006273137943
13414.30.hg,8700.0,3.9395192526186187,592.3800146737833,7108.5601760854,0.053,134123.7769072717,5.127505774602379
13414.30.midgut,3964.0,3.598133645813238,37.807653302601416,453.691839631217,0.05,9073.836792624339,3.9577909635237716
13414.30.skin,11034.0,4.0427329796217215,1361.1317304224117,16333.58076506894,0.15,108890.53843379294,5.036990145279098
13414.31.gill,2684.0,3.4287825114969546,9.655302787788836,115.86363345346604,0.543,213.37685718870355,2.329147314149952
13414.31.hg,1784.0,3.2513948500401044,2.3111077921977854,27.733293506373425,0.1496,185.38297798377957,2.2680698543656477
13414.31.midgut,10706.0,4.029627239047413,1224.6824648225033,14696.18957787004,0.2386,61593.41818051148,4.789534306310449
13414.31.skin,9796.0,3.9910487764526765,897.3865387992073,10768.638465590488,0.08,134607.98081988108,5.129070809689475
13414.32.gill,22919.0,4.360195664606159,17586.46781541398,211037.61378496775,0.2456,859273.671762898,5.934131505167011
13414.32.hg,1728.0,3.2375437381428744,2.0669709363200384,24.803651235840462,0.1965,126.22723275236876,2.101153061391348
13414.32.midgut,4103.0,3.6131015169669127,42.655473826365096,511.86568591638115,0.0533,9603.483788299834,3.98242880757844
13414.33.gill,51847.0,4.714723632062783,306340.3084026658,3676083.7008319893,0.01,367608370.0831989,8.565385391287421
13414.33.hg,70226.0,4.846497932158269,886094.8686470137,10633138.423764164,0.0215,494564577.849496,8.694223007707853
13414.33.midgut,35736.0,4.553105939463782,83264.76142025294,999177.1370430352,0.0148,67511968.719124,7.829380772651618
13414.33.skin,32479.0,4.51160264922777,59590.76089095767,715089.130691492,0.009,79454347.85461023,7.900117667403695
13414.34.gill,20931.0,4.320789977698806,12800.854848319452,153610.2581798334,0.019,8084750.430517549,6.907666618141992
13414.34.hg,52243.0,4.718028107892527,314609.23475636437,3775310.8170763724,0.076,49675142.32995227,7.696139120130606
13414.34.midgut,63301.0,4.8014105708554515,616100.9320825435,7393211.1849905215,0.0155,476981366.77358204,8.67850141370369
13414.34.skin,5648.0,3.7518946880437474,130.56308768587368,1566.757052230484,0.076,20615.22437145374,4.3141880659263165
13414.35.gill,1169.0,3.0678145111618402,0.5262559657938697,6.315071589526436,0.55,11.481948344593519,1.0600155887161975
13414.35.hg,25866.0,4.412729273237532,26857.932249245165,322295.186990942,0.0945,3410531.0792692276,6.532822011496144
13414.35.skin,17404.0,4.24064907462068,6709.739469087774,80516.87362905328,0.22,365985.78922296944,5.563464222602429
13414.36.gill,1929.0,3.2853322276438846,3.038211672425748,36.45854006910898,0.12,303.8211672425748,2.4826180279086234
13414.36.hg,10069.0,4.002986340856785,988.0228927218958,11856.27471266275,0.0921,128732.62445887893,5.109688623259874
13414.36.midgut,12565.0,4.099162492928595,2145.0218927123688,25740.262712548425,0.0695,370363.4922668838,5.568628170535669
13414.37.gill,14731.0,4.16823222951342,3742.9188798970367,44915.02655876444,0.521,86209.26402833866,4.935553937520856
13414.37.hg,26886.0,4.429526194296687,30751.77679892246,369021.32158706954,0.0496,7439945.999739305,6.871569783381853
13414.37.midgut,4228.0,3.6261349786353887,47.380366617376254,568.5643994085151,0.0734,7746.108983767235,3.8890836029929203
13414.37.skin,1522.0,3.182414652434554,1.325424357583015,15.90509229099618,0.283,56.20173954415612,1.7497497579665036
13414.38.gill,7081.0,3.8500945943867007,288.11726783537983,3457.407214024558,0.471,7340.567333385474,3.8657296267058596
13414.38.hg,23910.0,4.378579576115775,20395.366936981944,244744.40324378334,0.0704,3476483.0006219223,6.541140110104736
13414.39.gill,32144.0,4.507099919404174,57466.8140118184,689601.7681418208,0.294,2345584.245380343,6.3702510359387965
13414.39.hg,9129.0,3.9604232070778296,701.0915177390418,8413.098212868503,0.053,158737.7021295944,5.200680089213535
13414.39.midgut,17885.0,4.2524889444849885,7381.610652042692,88579.32782451231,0.0176,5032916.353665472,6.701819712546277
13414.39.skin,8005.0,3.9033613362553186,442.61851199753954,5311.422143970474,0.084,63231.2159996485,4.800931533811626
13414.4.gill,18695.0,4.271725469490239,8619.629729067392,103435.55674880871,0.306,338024.6952575448,5.528948429929429
13414.4.hg,1952.0,3.290479813330673,3.1669204688181867,38.00304562581824,0.105,361.9337678649356,2.5586291040069717
13414.4.midgut,22294.0,4.34818799679229,15964.148822554203,191569.78587065043,0.1103,1736806.7621999134,6.239751501360914
13414.4.skin,1363.0,3.1344958558346736,0.9007725632019667,10.809270758423601,0.11,98.26609780385091,1.992403710342213
13414.40.gill,4226.0,3.6259294927162946,47.301957460617174,567.623489527406,0.099,5733.57060128693,3.758425164635128
13414.40.hg,4617.0,3.664359874551141,64.47698262590782,773.7237915108939,0.0516,14994.647122304144,4.175936249712794
13414.40.midgut,13711.0,4.137069130839408,2911.5480047791725,34938.576057350074,0.0467,748149.3802430423,5.873988320509046
13414.40.skin,10394.0,4.01678271248684,1104.2342686264237,13250.811223517085,0.046,288061.11355471925,5.459484635203518
13414.41.gill,28861.0,4.460311374815615,39412.4806622785,472949.767947342,0.336,1407588.595081375,6.14847573932734
13414.41.midgut,24705.0,4.392784858225435,22869.52414627307,274434.28975527687,0.0567,4840110.930428163,6.684855315347046
13414.41.skin,3894.0,3.590395947184013,35.52171288283017,426.26055459396207,0.196,2174.798747928378,3.3374190742984275
13414.42.gill,61334.0,4.787701288856414,551648.5865359678,6619783.038431613,0.263,25170277.71266773,7.400888007300996
13414.42.hg,56799.0,4.754340689614101,421583.5892008596,5059003.070410315,0.0712,71053413.91025724,7.851584949353812
13414.42.midgut,25988.0,4.414772858093331,27303.991803558754,327647.9016427051,0.0909,3604487.366806437,6.556843507724509
13414.42.skin,18007.0,4.255441364570166,7559.378374870035,90712.54049844042,0.054,1679861.86108223,6.225273570156615
13414.43.gill,6390.0,3.8055008581584002,201.12630134721775,2413.5156161666127,0.035,68957.58903333178,4.838582068828487
13414.43.hg,7118.0,3.8523579836678272,293.4217374365632,3521.0608492387582,0.0203,173451.2733615152,5.239177492485081
13414.43.midgut,17176.0,4.234922031428193,6407.050345949008,76884.6041513881,0.0377,2039379.4204612232,6.309498032488903
13414.43.skin,23231.0,4.366067904812481,18438.874339398295,221266.49207277954,0.064,3457288.9386371803,6.538735676682119
13414.44.gill,1168.0,3.0674428427763805,0.5246818082163796,6.296181698596555,0.252,24.98484801030379,1.397676711853965
13414.44.midgut,10646.0,4.027186461836736,1200.8245451140394,14409.894541368474,0.1318,109331.52155818266,5.038745392188939
13414.44.skin,2195.0,3.34143452457814,4.775338669941353,57.304064039296236,0.068,842.7068241072975,2.9256765107838767
13414.45.gill,21675.0,4.335959106148248,14465.668990561875,173588.0278867425,0.166,1045711.0113659186,6.019411681175886
13414.45.hg,51342.0,4.710472782372936,296022.0360697157,3552264.4328365885,0.0201,176729573.7729646,8.247309230048465
13414.45.midgut,19843.0,4.29760733238224,10619.109490075747,127429.31388090897,0.0876,1454672.5328870888,6.162765238568334
13414.45.skin,15710.0,4.196176185039973,4688.438899001437,56261.26678801724,0.037,1520574.77805452,6.182007782518886
13414.46.gill,4707.0,3.672744198306599,68.98490005605392,827.8188006726471,0.524,1579.8068715126851,3.198603998496897
13414.46.hg,1218.0,3.0856472882968564,0.6076040882130425,7.2912490585565095,0.0549,132.80963676787815,2.123229588912034
13414.46.midgut,4278.0,3.631240780235509,49.37092689000261,592.4511226800313,0.0481,12317.071157589009,4.0905074504164105
13414.46.skin,8106.0,3.908806599405674,462.47762193032685,5549.731463163922,0.142,39082.6159377741,4.591983624885995
13414.47.gill,12515.0,4.097430853944242,2115.2910165384387,25383.492198461267,0.519,48908.46281013732,4.689384013187954
13414.47.hg,1862.0,3.269979676645324,2.6845803496963994,32.21496419635679,0.072,447.4300582827332,2.650725156577394
13414.47.midgut,8819.0,3.945419342603063,621.2317868418525,7454.781442102229,0.0861,86582.82743440452,4.93743176395704
13414.47.skin,9366.0,3.971554153446061,766.8997607055516,9202.797128466618,0.061,150865.52669617409,5.178590013294331
13414.48.gill,42266.0,4.625991148701336,149829.03891799477,1797948.4670159372,0.481,3737938.6008647345,6.572632163408613
13414.48.midgut,5618.0,3.749581734865559,128.15156586188098,1537.818790342572,0.1527,10070.849969499488,4.003066126113258
13414.48.skin,45734.0,4.660239187428279,197460.98058949644,2369531.7670739572,0.061,38844783.066786185,7.5893327004228155
13414.49.gill,76456.0,4.8834115730007,1193153.8865483978,14317846.638580773,0.283,50593097.66282959,7.704091270764341
13414.49.hg,23709.0,4.374913236658887,19801.473005925927,237617.6760711111,0.0369,6439503.416561277,6.808852377955699
13414.49.midgut,52941.0,4.7237921404103655,329570.6042610011,3954847.2511320133,0.0771,51295035.68264609,7.710075336262748
13414.49.skin,18964.0,4.277929946646919,9061.652198081769,108739.82637698122,0.132,823786.5634619789,5.915814704029833
13414.5.gill,55465.0,4.744019017324979,387929.37990367797,4655152.558844136,0.401,11608859.24898787,7.064789545646374
13414.5.hg,12588.0,4.099956734241183,2158.7978239577146,25905.573887492574,0.084,308399.68913681636,5.489113931615517
13414.5.midgut,13672.0,4.135832049712681,2882.660858880366,34591.93030656439,0.1248,277178.92873849673,5.4427602119411205
13414.5.skin,1737.0,3.2397998184470986,2.104901519069342,25.258818228832105,0.097,260.4001879261042,2.4156412933187372
13414.50.gill,4818.0,3.6828667956623247,74.84937911090636,898.1925493308763,0.415,2164.319395978015,3.3353213514785227
13414.50.hg,42619.0,4.62960325533649,154255.3291587926,1851063.949905511,0.061,30345310.654188704,7.482091587854146
13414.50.midgut,26978.0,4.431009750333691,31121.706543491735,373460.47852190083,0.1245,2999682.558408842,6.477075297911064
13414.51.gill,51698.0,4.713473742208743,303269.6181843338,3639235.4182120054,0.317,11480237.912340712,7.059950888318585
13414.51.hg,6262.0,3.7967130632808965,187.37307405100282,2248.4768886120337,0.0562,40008.4855624917,4.602152112381221
13414.51.midgut,17891.0,4.252634615712395,7390.282782478274,88683.3933897393,0.0556,1595025.0609665343,6.202767511063403
13414.51.skin,41962.0,4.6228561794324845,146090.51851302566,1753086.222156308,0.139,12612131.094649697,7.100788476299391
13414.52.gill,3755.0,3.5746099413401873,31.277711503051076,375.3325380366129,0.525,714.9191200697388,2.8542569121587764
13414.52.hg,2275.0,3.3569814009931314,5.412850530370999,64.95420636445199,0.0509,1276.1140739577995,3.1058894984259178
13414.52.midgut,5338.0,3.727378569451489,107.15235321495179,1285.8282385794214,0.1511,8509.783180538858,3.9299184949030224
13414.52.skin,2428.0,3.38524868240322,6.797914266536458,81.5749711984375,0.086,948.5461767260175,2.9770584778806186
13414.53.gill,51944.0,4.7155353898647,308351.2435843011,3700214.923011613,0.059,62715507.16968836,7.797374938686243
13414.53.hg,6491.0,3.812311609131124,212.47601281876936,2549.7121538252322,0.0728,35023.51859650044,4.544359774822295
13414.53.midgut,16708.0,4.222924466593083,5816.485480287201,69797.82576344642,0.0667,1046444.1643695117,6.019716060430903
13414.53.skin,7411.0,3.8698768132667665,337.9223882016719,4055.0686584200625,0.066,61440.434218485796,4.788454276327263
13414.54.gill,36513.0,4.562447517143651,89776.24664484331,1077314.9597381197,0.47,2292159.4888045103,6.360244832622547
13414.54.hg,12544.0,4.098436045340363,2132.49881510743,25589.985781289157,0.1134,225661.2502759185,5.353456990020827
13414.54.midgut,16753.0,4.224092588494267,5871.508044566324,70458.09653479588,0.1325,531759.2191305349,5.7257150280205815
13414.54.skin,4592.0,3.662001879389917,63.263110411383096,759.1573249365972,0.116,6544.459697729286,3.8158737975665793
13414.55.gill,38811.0,4.5889548328685095,111160.45893688456,1333925.5072426149,0.22,6063297.760193704,6.782708896361925
13414.55.hg,42910.0,4.632558514532672,157973.79988545677,1895685.5986254811,0.0714,26550218.468143992,7.4240680990189585
13414.55.midgut,38503.0,4.585494569318544,108102.98222036797,1297235.7866444155,0.1375,9434442.084686657,6.974716222815086
13414.58.gill,9595.0,3.9820449790714902,834.5680383463929,10014.816460156715,0.558,17947.699749384792,4.254008795523613
13414.58.hg,21412.0,4.330657234711394,13860.513386256118,166326.1606350734,0.1185,1403596.2922791005,6.14724221231848
13414.58.midgut,8487.0,3.9287542021766533,543.146928248825,6517.7631389859,0.1169,55755.03112904961,4.746284062625996
13414.59.gill,15025.0,4.176814480674778,4010.9993722021077,48131.99246642529,0.296,162608.0826568422,5.21114212899497
13414.59.hg,4991.0,3.698187569866122,84.68735878733297,1016.2483054479956,0.1128,9009.293488014146,3.954690734787324
13414.59.midgut,21331.0,4.329011215707369,13677.837045889817,164134.04455067782,0.1518,1081251.940386547,6.033926899847127
13414.59.skin,2021.0,3.305566313515304,3.5764113693274315,42.91693643192918,0.017,2524.5256724664223,3.4021797914917205
13414.6.gill,4138.0,3.616790486329716,43.94282887093385,527.3139464512062,0.309,1706.5176260556836,3.2321107783217706
13414.6.hg,20623.0,4.314351841775663,12153.52535785839,145842.30429430067,0.069,2113656.583975372,6.325034426774678
13414.6.midgut,11016.0,4.042023927248867,1353.3749062679105,16240.498875214926,0.145,112003.44051872363,5.049231363521494
13414.6.skin,1684.0,3.226342087163631,1.8885260465716653,22.662312558859984,0.167,135.70247041233523,2.132587753899084
13414.60.gill,31527.0,4.498682646757017,53697.299927967666,644367.599135612,0.111,5805113.505726234,6.763810715793566
13414.60.hg,21162.0,4.325556710051133,13302.244457432407,159626.9334891889,0.0214,7459202.499494809,6.8726923973677
13414.60.midgut,9451.0,3.9754777631658746,791.5406117546436,9498.487341055723,0.0239,397426.2485797373,5.599256547315512
13414.60.skin,6287.0,3.7984434603501875,190.0047414634079,2280.056897560895,0.043,53024.57901304407,4.724477229135083
13414.61.gill,6396.0,3.805908455074197,201.78815085422937,2421.4578102507526,0.041,59059.94659148177,4.771293049892263
13414.61.hg,12078.0,4.081995025272298,1867.8284686874847,22413.941624249816,0.0013,17241493.557115242,7.236574884198562
13414.61.midgut,10186.0,4.008003671840159,1028.7981622639993,12345.577947167993,0.0241,512264.6451107051,5.709494383275962
13414.61.skin,9325.0,3.9696488404807253,755.2122958176883,9062.54754981226,0.004,2265636.887453065,6.3551903069343325
13414.62.gill,12961.0,4.112638510618493,2391.1374597659146,28693.649517190977,0.067,428263.4256297161,5.631710986548249
13414.62.hg,7981.0,3.9020573108084666,437.9906417989474,5255.8877015873695,0.041,128192.38296554559,5.107862220703003
13414.62.midgut,11440.0,4.058426024457005,1544.6627668443818,18535.953202132583,0.0678,273391.6401494481,5.436785230449532
13414.62.skin,10179.0,4.00770511436478,1026.3254044365067,12315.90485323808,0.059,208744.15005488272,5.319614313451529
13414.63.gill,36730.0,4.565020928345294,91657.85153324802,1099894.2183989761,0.234,4700402.642730667,6.6721350617710975
13414.63.hg,28572.0,4.4559406414525045,38048.19107412119,456578.2928894543,0.0513,8900161.65476519,6.949397894862319
13414.63.midgut,22609.0,4.3542813538497285,16767.780128587183,201213.3615430462,0.0235,8562270.703959413,6.9325889543295585
13414.63.skin,4679.0,3.67015304519218,67.55907663724577,810.7089196469492,0.075,10809.452261959323,4.033803687881578
13414.64.gill,58779.0,4.769222193200082,475309.4138798588,5703712.966558306,0.087,65559919.155842595,7.816638409355552
13414.64.midgut,17433.0,4.241372130158435,6748.957822734777,80987.49387281733,0.0415,1951505.8764534295,6.290369863384346
13414.65.gill,5818.0,3.7647737169110402,144.84498605196734,1738.139832623608,0.116,14983.964074341447,4.1756267231008986
13414.65.hg,3927.0,3.594060901270418,36.586686178027435,439.0402341363292,0.05999,7318.556995104671,3.8644254593587064
13414.65.midgut,23378.0,4.3688073542972985,18850.542375798446,226206.50850958136,0.0659,3432572.208036136,6.535619681880183
13414.65.skin,9217.0,3.9645895874899035,725.0352667520034,8700.423201024041,0.046,189139.63480487047,5.276782546155367
13414.66.gill,7944.0,3.900039235487325,430.92387508553304,5171.086501026397,0.198,26116.598490032306,4.416916612373086
13414.66.hg,5229.0,3.7184186418296554,99.6867591372698,1196.2411096472376,0.0943,12685.483665400188,4.103307030423334
13414.66.midgut,16124.0,4.207472789481014,5135.373507158211,61624.48208589853,0.0693,889242.1657416816,5.949020047723272
13414.66.skin,4180.0,3.621176281775035,45.52400823976803,546.2880988772164,0.133,4107.429314866288,3.613570098357211
13414.67.gill,1686.0,3.2268575702887237,1.896389003019551,22.75666803623461,0.684,33.269982509114925,1.522052572549109
13414.67.hg,2102.0,3.3226327116922234,4.103821019979703,49.24585223975644,0.075,656.6113631967526,2.8173083942796207
13414.67.midgut,10324.0,4.013847995871831,1078.4207665370684,12941.04919844482,0.0548,236150.53281833613,5.373188929797547
13414.67.skin,19623.0,4.292765403851628,10212.661155885455,122551.93387062545,0.074,1656107.2144679115,6.219088449082047
13414.68.gill,17501.0,4.2430628648048065,6841.559880505089,82098.71856606106,0.268,306338.5021121681,5.486201584478815
13414.68.hg,16425.0,4.215505378231819,5478.858972089001,65746.30766506802,0.0847,776225.5922676271,5.889987957390576
13414.68.midgut,19415.0,4.2881373948820665,9838.719350390948,118064.63220469137,0.0457,2583471.1642164416,6.412203618468648
13414.68.skin,17671.0,4.247261126880467,7077.031901147597,84924.38281377117,0.104,816580.6039785689,5.911999060028419
13414.69.gill,5475.0,3.738384123512156,117.09184974724285,1405.102196966914,0.026,54042.392191035164,4.732734564857248
13414.69.hg,15374.0,4.186786876733248,4346.7131090883095,52160.55730905972,0.0344,1516295.2706122012,6.180783780393061
13414.69.midgut,11750.0,4.0700378666077555,1696.2151738105538,20354.582085726644,0.0392,519249.54300323076,5.715376122980343
13414.69.skin,2475.0,3.3935752032695876,7.269803599408016,87.2376431928962,0.0004,218094.1079822405,5.338643932862675
13414.7.gill,19568.0,4.29154643969221,10112.812088042387,121353.74505650863,0.308,394005.66576788516,5.595502466988103
13414.7.hg,4774.0,3.6788824146707357,72.48378646596183,869.8054375915419,0.057,15259.744519149857,4.1835472626586885
13414.7.midgut,10919.0,4.0381828659906605,1312.1167534934768,15745.401041921723,0.1002,157139.7309573026,5.196286005243527
13414.7.skin,1239.0,3.0930713063760633,0.6450724145712546,7.740868974855056,0.05,154.81737949710111,2.1898197121351273
13414.70.gill,1219.0,3.0860037056183818,0.6093521201371196,7.312225441645435,0.012,609.3521201371195,2.7848683265240606
13414.70.midgut,3219.0,3.5077209766856137,18.24274040985469,218.91288491825628,0.0033,66337.23785401706,4.821757384431995
13414.70.skin,8334.0,3.9208534961212593,509.6369381756308,6115.64325810757,0.005,1223128.651621514,6.087472139579864
13414.71.gill,7484.0,3.8741337788279724,349.7183963586742,4196.620756304091,0.038,110437.38832379186,5.043116127684927
13414.71.hg,15720.0,4.196452541703389,4698.893991650835,56386.72789981002,0.0113,4989975.92033717,6.698098449893946
13414.71.midgut,8249.0,3.916401303603876,491.6725849761931,5900.071019714317,0.0241,244816.2248844115,5.388840196742598
13414.71.skin,4779.0,3.6793370305207937,72.74987568661177,872.9985082393413,0.0007,1247140.7260562018,6.095915461579084
13414.72.gill,61557.0,4.789277446195285,558701.516485306,6704418.197823672,0.112,59860876.76628278,7.777143073546103
13414.72.hg,49367.0,4.693436736232442,258041.37294688015,3096496.4753625616,0.063,49150737.70416764,7.691530040549537
13414.72.midgut,21806.0,4.338576007749808,14774.030456597942,177288.3654791753,0.0648,2735931.566036656,6.437105230159061
13414.72.skin,6032.0,3.7804613328617176,164.36826934903576,1972.419232188429,0.028,70443.54400672961,4.847841197151128
13414.73.gill,33014.0,4.51869814695026,63098.164801026855,757177.9776123222,0.413,1833360.7206109497,6.263247922440783
13414.73.midgut,27132.0,4.433481808392984,31748.034614257092,380976.4153710851,0.0141,27019603.927027315,7.431678978528825
13414.73.skin,6503.0,3.8131137540078988,213.85421627431106,2566.2505952917327,0.111,23119.374732357952,4.363976084335054
13414.74.gill,76827.0,4.8855138748530225,1213544.1194007592,14562529.43280911,0.277,52572308.42169353,7.720757047073451
13414.74.hg,16539.0,4.218509247198932,5613.130873308709,67357.5704797045,0.0413,1630933.9099202058,6.212436362549466
13414.74.midgut,24636.0,4.3915701954182165,22646.714220701182,271760.5706484142,0.0208,13065412.05040453,7.116123110840618
13414.74.skin,1905.0,3.279894980011638,2.9079366215263636,34.89523945831636,0.012,2907.9366215263635,3.4635849368426666
13414.75.gill,5300.0,3.724275869600789,104.50587578437236,1254.0705094124683,0.123,10195.695198475352,4.008416843705932
13414.75.hg,2086.0,3.319314304090512,3.9955109232851007,47.94613107942121,0.0139,3449.3619481597993,3.5377387681107986
13414.75.midgut,21670.0,4.335858911319818,14453.991369554727,173447.89643465672,0.0329,5271972.536007803,6.72197313916347
13414.75.skin,34971.0,4.5437080511903565,77190.5124632869,926286.1495594428,0.02,46314307.477972135,7.665715174578828
13414.76.gill,10288.0,4.012330955580147,1065.3145069891737,12783.774083870085,0.009,1420419.3426522317,6.152416577703031
13414.76.hg,8117.0,3.9093955459671057,464.6782351975262,5576.138822370314,0.0117,476593.0617410525,5.678147715581758
13414.76.midgut,21835.0,4.339153196257359,14842.923152963509,178115.07783556212,0.013,13701159.83350478,7.136757332701691
13414.76.skin,12460.0,4.0955180423231505,2082.928325294235,24995.13990353082,0.007,3570734.2719329745,6.552757531926979
13414.77.gill,8197.0,3.91365493508662,480.9083606276237,5770.900327531484,0.007,824414.3325044977,5.9161455334146815
13414.77.hg,3078.0,3.48826861549546,15.595419719572432,187.14503663486917,0.0143,13087.0654989419,4.116842276001558
13414.77.midgut,8426.0,3.925621454790829,529.6038605257817,6355.24632630938,0.0096,662004.8256572271,5.820861155223184
13414.77.skin,2534.0,3.4038066105474227,7.894738150891402,94.73685781069682,0.0098,9667.02630721396,3.985292900455132
13414.78.gill,25676.0,4.40952736701224,26173.65043460822,314083.8052152986,0.128,2453779.7282445203,6.389835574242028
13414.78.midgut,18510.0,4.267406418752904,8324.722562335037,99896.67074802043,0.0845,1182209.1212783484,6.0726943058042515
13414.78.skin,11595.0,4.064270752974006,1619.172639548168,19430.071674578016,0.0011,17663701.52234365,7.247081717490776
13414.79.gill,2001.0,3.3012470886362113,3.4540451927613667,41.4485423131364,0.577,71.83456206782739,1.856333448473792
13414.79.hg,7110.0,3.851869600729766,292.2689634785653,3507.2275617427836,0.1598,21947.60676935409,4.341387170431026
13414.79.skin,10882.0,4.036708721569886,1296.6185682361834,15559.4228188342,0.067,232230.19132588358,5.365918679975685
13414.8.gill,46144.0,4.6641152387033165,203727.3851148944,2444728.621378733,0.165,14816537.099265046,7.170746712792177
13414.8.midgut,2766.0,3.441852175773292,10.727938403397125,128.7352608407655,0.2346,548.743652347679,2.7393695095302317
13414.8.skin,2004.0,3.301897717195208,3.47220646631954,41.66647759583448,0.153,272.32991892702273,2.435095356768265
13414.80.hg,5292.0,3.7236198355154633,103.954731513981,1247.456778167772,0.1216,10258.690609932335,4.011091932201662
13414.80.midgut,5909.0,3.7715139899796664,152.93179967439113,1835.1815960926936,0.219,8379.824639692664,3.9232349304667116
13414.80.skin,5151.0,3.711891549880579,94.57783861409602,1134.9340633691522,0.083,13673.904377941592,4.135892538539189
13414.81.gill,81999.0,4.913808556077252,1524407.6920714995,18292892.304857995,0.23,79534314.3689478,7.900554541560087
13414.81.hg,12018.0,4.07983219967722,1835.5491466288345,22026.589759546012,0.08,275332.37199432513,5.439857276238897
13414.81.midgut,2274.0,3.356790460351716,5.4045264519667615,64.85431742360115,0.0636,1019.7219720692003,3.008481777197793
13414.81.skin,49718.0,4.696513650009151,264520.95616023894,3174251.4739228673,0.058,54728473.68832529,7.738213336357721
13414.82.gill,1531.0,3.184975190698261,1.3530632993063736,16.23675959167648,0.117,138.77572300578188,2.1423134986348007
13414.82.hg,5636.0,3.750970984437319,129.5946242176719,1555.1354906120628,0.0372,41804.71748957158,4.621225292877591
13414.82.midgut,12508.0,4.0971878725708955,2111.152317940376,25333.827815284516,0.0661,383265.17118433455,5.583499354997342
13414.82.skin,15622.0,4.193736633469647,4597.14929245638,55165.79150947656,0.0243,2270197.181459941,6.356063580145064
13414.83.gill,1643.0,3.215637563435062,1.7324143897729063,20.788972677274877,0.024,866.2071948864532,2.937621786743751
13414.83.hg,1626.0,3.2111205412580492,1.6704748502223385,20.045698202668063,0.0272,736.9741986275023,2.8674522835308984
13414.83.midgut,7439.0,3.871514558708382,342.4127246699663,4108.952696039595,0.0177,232144.22011523135,5.365757875151408
13414.83.skin,5906.0,3.7712934426290596,152.6601810222399,1831.9221722668788,0.01,183192.21722668788,5.262907019073639
13414.84.gill,47438.0,4.676126370759378,224436.967145642,2693243.605747704,0.088,30605040.97440573,7.4857929652743955
13414.84.hg,2395.0,3.379305517750582,6.479949613967914,77.75939536761497,0.0601,1293.8335335709646,3.1118784029925197
13414.84.midgut,7666.0,3.8845688149183335,380.40510201239834,4564.86122414878,0.0782,58374.18445203043,4.766220826071692
13414.84.skin,13488.0,4.129947557280667,2749.1274816974114,32989.52978036894,0.076,434072.76026801235,5.637562533047928
13414.85.gill,3114.0,3.4933186082321015,16.2433114778093,194.9197377337116,0.0698,2792.5463858697935,3.446000395739295
13414.85.hg,6318.0,3.8005796215691303,193.30454853031517,2319.654582363782,0.0689,33666.9750705919,4.527204097404845
13414.85.midgut,17066.0,4.2321317412966195,6264.562163286054,75174.74595943265,0.07,1073924.9422776091,6.0309739291347135
13414.85.skin,8324.0,3.9203320715395895,507.4995372326723,6089.994446792068,0.0015,4059996.297861378,6.608525637562636
13414.86.gill,21027.0,4.322777314703207,13007.554323726737,156090.65188472084,0.058,2691218.1359434626,6.429948900809863
13414.86.hg,1736.0,3.239549720840473,2.1006626543293296,25.207951851951954,0.011,2291.631986541087,3.3601448754912333
13414.86.midgut,19917.0,4.299223923366583,10758.382404605758,129100.5888552691,0.0114,11324613.057479745,7.0540233718440515
13414.86.skin,21714.0,4.336739833491843,14556.985856892628,174683.83028271154,0.01,17468383.028271154,7.242252706104857
13414.87.midgut,5392.0,3.7317498835272636,110.9950222839373,1331.9402674072476,0.0422,31562.565578370795,4.499172297808716
13414.87.skin,5176.0,3.713994267660644,96.19443556029677,1154.3332267235612,0.03,38477.77422411871,4.585209942000372
13414.88.gill,3820.0,3.582063362911709,33.21434401943652,398.57212823323823,0.035,11387.775092378233,4.056438881279307
13414.88.hg,9351.0,3.9708580569965024,762.6089816822033,9151.30778018644,0.0073,1253603.8055049917,6.09816030182948
13414.88.midgut,8150.0,3.9111576087399764,471.32495406499373,5655.899448779925,0.0345,163939.1144573891,5.2146825848477825
13414.88.skin,3558.0,3.5512059437479064,25.90056579407217,310.80678952886603,0.008,38850.84869110825,4.589400510340004
13414.89.g,1936.0,3.286905352972375,3.076980576605644,36.92376691926773,0.0009,41026.407688075255,4.613063491386921
13414.89.midg,2299.0,3.361538971269279,5.615388577824501,67.38466293389402,0.0083,8118.634088420966,3.9094829679406113
13414.89.s,5251.0,3.720242018287057,101.16265255474714,1213.9518306569657,0.0031,391597.36472805345,5.592839760536831
13414.9.gill,15613.0,4.193486359709743,4587.885008476255,55054.62010171506,0.417,132025.4678698203,5.120657715209358
13414.9.hg,3189.0,3.5036545192429593,17.654500709359464,211.85400851231356,0.103,2056.835034100132,3.313199461041837
13414.9.midgut,3478.0,3.5413295776666938,23.91866969212588,287.02403630551055,0.1399,2051.6371429986457,3.3121005529660175
13414.90.hg,6135.0,3.787814567063023,174.40462050277213,2092.8554460332657,0.0006,3488092.410055443,6.542587982179544
13414.90.midg,15937.0,4.202406572639379,4929.8957877478215,59158.74945297386,0.0014,42256249.60926704,7.625890949264381
13414.91.g,4563.0,3.659250468772661,61.87557175020131,742.5068610024157,0.007,106072.40871463082,5.025602431014351
13414.91.hg,1513.0,3.179838928023187,1.298191082099397,15.578292985192764,0.0016,9736.433115745476,3.988399884818815
13414.91.midg,1919.0,3.2830749747354715,2.9834345287487625,35.80121434498515,0.0024,14917.172643743814,4.173686516060254
13414.92.g,5340.0,3.727541257028556,107.29295368769752,1287.5154442523703,0.0005,2575030.888504741,6.410782442940979
13414.92.hg,5925.0,3.7726883546821415,154.3862662445273,1852.6351949343275,0.0005,3705270.389868655,6.568819905849265
13414.92.s,5489.0,3.739493230781615,118.14330012588273,1417.7196015105928,0.02,70885.98007552965,4.850560348329504
13414.93.g,1898.0,3.2782962080912736,2.870704129613566,34.44844955536279,0.058,593.9387854372895,2.773741686535478
13414.93.hg,13469.0,4.129335352916489,2735.595352626051,32827.14423151261,0.0463,709009.5946331017,5.850652112288874
13414.93.midg,15777.0,4.19802442553312,4758.806305175969,57105.67566211163,0.0589,969536.0893397559,5.986563979592548
13414.93.s,2483.0,3.394976719554564,7.352392567870188,88.22871081444225,0.011,8020.791892222023,3.9042172482647626
13414.94.midg,5644.0,3.7515870050823104,130.239694138985,1562.8763296678198,0.1122,13929.37905229786,4.143931756756246
13414.94.s,7388.0,3.868526886768204,334.2654937760046,4011.1859253120547,0.023,174399.38805704587,5.241544956720892
13414.95.g,2426.0,3.3848907965305544,6.778333039616035,81.33999647539241,0.0099,8216.161260140647,3.9146689546522624
13414.95.hg,8706.0,3.9398186628213794,593.8113356737854,7125.736028085425,0.0006,11876226.713475708,7.07467847954978
13414.95.midg,1881.0,3.274388795550379,2.7817015488938264,33.380418586725916,0.0002,166902.09293362958,5.222461782717756
13414.95.s,1466.0,3.166133970305109,1.1624235568803982,13.949082682564779,0.005,2789.8165365129557,3.4455756442055487
13414.96.g,8490.0,3.928907690243953,543.8192954454486,6525.831545345383,0.0005,13051663.090690766,7.11566585459313
13414.96.hg,2604.0,3.4156409798961542,8.684882606660588,104.21859127992707,0.0072,14474.804344434315,4.160612702091576
13414.96.midg,3295.0,3.517855418930029,19.795464823732058,237.54557788478468,0.009,26393.953098309412,4.421504440625888
13414.96.s,11785.0,4.071329586860343,1713.9676161131342,20567.611393357613,0.0081,2539211.2831305694,6.40469883922743
13414.97.g,11534.0,4.061979947074878,1589.5499807718172,19074.599769261808,0.6152,31005.52628293532,4.491439107391885
13414.97.s,9051.0,3.956696564894651,680.3456273497036,8164.147528196443,0.0162,503959.7239627434,5.70239582938268
13414.98.hg,1352.0,3.130976691605617,0.8755809647172856,10.506971576607427,0.2452,42.85061817539734,1.6319570915620731
13414.98.midg,5722.0,3.757547853469244,136.64990172265706,1639.7988206718846,0.0729,22493.810983153424,4.352063041417876
13414.98.s,5154.0,3.712144414214886,94.77079782534918,1137.2495739041901,0.0147,77363.91659212178,4.888538448035774
13414.99.g,3056.0,3.485153349903652,15.208699427509554,182.50439313011464,0.0189,9656.317096831463,3.984811518806668
13414.99.hg,8371.0,3.9227773419287977,517.6012567546752,6211.2150810561025,0.0344,180558.5779376774,5.256618125620815
13414.99.midg,2322.0,3.365862215402555,5.814512853634881,69.77415424361857,0.148,471.4469881325579,2.6734328655657027
13414.99.s,4066.0,3.60916737430202,41.32409012243786,495.8890814692543,0.0128,38741.33448978549,4.588174576413243
13414.A1.gill,29591.0,4.471159641981976,43013.83267112916,516165.9920535499,0.5976,863731.5797415493,5.936378798556607
13414.A10.gill,4116.0,3.6144753660903954,43.130444189910065,517.5653302789208,0.4301,1203.3604517063957,3.080395734355309
13414.A11.gill,35715.0,4.552850654460561,83093.60794962138,997123.2953954565,0.1932,5161093.661467166,6.712741740544329
13414.A12.gill,1473.0,3.168202746842631,1.1819691923440665,14.183630308128798,0.0776,182.778741084134,2.261925681732864
13414.A13.gill,12623.0,4.101162582214841,2179.8822933656606,26158.587520387926,0.3332,78507.16542733471,4.894909297045052
13414.A14.gill,2982.0,3.474507639116976,13.958114452900233,167.4973734348028,0.451,371.3910719175228,2.569831459275708
13414.A2.gill,2522.0,3.401745082237063,7.764640414577168,93.17568497492601,0.2209,421.80029413728386,2.6251068782535265
13414.A20.gill,25198.0,4.4013660715976775,24507.311710643604,294087.7405277232,0.4633,634767.4088662276,5.802614620488432
13414.A21.gill,1296.0,3.1126050015345745,0.7550682186757818,9.06081862410938,0.5131,17.658972177176732,1.2469654223009634
13414.A23.gill,7533.0,3.8769679674325848,357.7993592145789,4293.592310574946,0.3014,14245.495390096039,4.153677556519981
13414.A4.gill,16394.0,4.214684930750601,5442.746966257684,65312.96359509221,0.0255,2561292.6900036163,6.408459210014813
13414.A5.gill,2126.0,3.327563260187278,4.270195925566117,51.24235110679341,0.0176,2911.497221976898,3.4641163800594725
13414.A8.gill,11001.0,4.041432164680265,1346.935049755818,16163.220597069816,0.2303,70183.32868897011,4.8462339622973
13414.A9.gill,5749.0,3.759592308645975,138.92037315079452,1667.0444778095343,0.005,333408.89556190686,5.52297718290024
13414.P1hg.PBs.1.1910000,55424.0,4.743697866001233,386926.50603319367,4643118.072398324,0.0,inf,inf
13414.P1hg.PBs.2.191000,36806.0,4.565918621784601,92323.45528546,1107881.46342552,0.0,inf,inf
13414.P1hg.PBs.3.19100,23796.0,4.376503960252927,20056.993219478623,240683.91863374348,0.0,inf,inf
13414.P1hg.PBs.4.1910,14660.0,4.1661339703051095,3680.149454873582,44161.79345848298,0.0,inf,inf
13414.P1hg.PBs.6.19,6219.0,3.7937205568135233,182.9076668061664,2194.8920016739967,0.0,inf,inf
13414.P1hg.PBs.7.1.9,2425.0,3.3847117429382823,6.768557550598003,81.22269060717603,0.0,inf,inf
13414.P2mg.PBs.1.1910000,56751.0,4.753973518563937,420337.76848783984,5044053.221854078,0.0,inf,inf
13414.P2mg.PBs.2.191000,28998.0,4.462368045522524,40071.27384480479,480855.2861376575,0.0,inf,inf
13414.P2mg.PBs.3.19100,23737.0,4.375425829792343,19883.45409039503,238601.44908474036,0.0,inf,inf
13414.P2mg.PBs.4.1910,12632.0,4.101472117000238,2185.3276995864535,26223.932395037442,0.0,inf,inf
13414.P2mg.PBs.5.191,6712.0,3.8268519478206438,238.8957254406693,2866.7487052880315,0.0,inf,inf
13414.P2mg.PBs.6.19,2435.0,3.386498965550653,6.866766829068272,82.40120194881926,0.0,inf,inf
13414.P3skin.PBs.1.1910000,56098.0,4.7489473781109375,403649.48650769354,4843793.838092322,0.0,inf,inf
13414.P3skin.PBs.2.191000,32558.0,4.512657718832598,60099.68601219119,721196.2321462943,0.0,inf,inf
13414.P3skin.PBs.3.19100,18570.0,4.26881190373978,8419.565315863356,101034.78379036026,0.0,inf,inf
13414.P3skin.PBs.4.1910,17314.0,4.2383974131812705,6589.063821543237,79068.76585851885,0.0,inf,inf
13414.P3skin.PBs.5.191,2415.0,3.382917135087531,6.671355738031191,80.05626885637429,0.0,inf,inf
13414.P3skin.PBs.6.19,1868.0,3.2713768718940743,2.714984099163282,32.579809189959384,0.0,inf,inf
13414.P4gill.PBs.1.1910000,88670.0,4.947776708464739,2004502.8808714875,24054034.57045785,0.0,inf,inf
13414.P4gill.PBs.2.191000,57036.0,4.756149060342383,427773.5231276926,5133282.277532311,0.0,inf,inf
13414.P4gill.PBs.3.19100,42703.0,4.63045838644608,155322.21103581705,1863866.5324298046,0.0,inf,inf
13414.P4gill.PBs.4.1910,19176.0,4.2827580210255976,9421.24002888926,113054.88034667113,0.0,inf,inf
13414.P4gill.PBs.5.191,11828.0,4.07291131585408,1735.9589692347872,20831.507630817447,0.0,inf,inf
13414.P4gill.PBs.6.19,6877.0,3.8373990243420226,260.0928607458338,3121.114328950005,0.0,inf,inf
13414.ntc.p1hg.f9,6333.0,3.801609488027319,194.91583462687908,2338.9900155225487,0.0,inf,inf
13414.ntc.p1hg.g11,8286.0,3.918344928962275,499.43578406238856,5993.2294087486625,0.0,inf,inf
13414.z1.1,16713.0,4.2230544131791055,5822.580833579331,69870.97000295197,0.0,inf,inf
13414.z1.2,13487.0,4.129915357504422,2748.4140748424497,32980.96889810939,0.0,inf,inf
13414.z1.3,13102.0,4.117337595095921,2483.4401228212955,29801.281473855546,0.0,inf,inf
13414.z1.4,13744.0,4.138113146487167,2936.1519887098993,35233.823864518796,0.0,inf,inf
13414.z2.1,13342.0,4.125220936316564,2646.362523299921,31756.350279599053,0.0,inf,inf
13414.z2.2,12027.0,4.080157310970184,1840.36544212312,22084.385305477437,0.0,inf,inf
13414.z2.3,10864.0,4.035989756936426,1289.1263933721411,15469.516720465694,0.0,inf,inf
13414.z2.4,10998.0,4.0413137153458605,1345.6497101769507,16147.796522123408,0.0,inf,inf
13414.z3.1,11178.0,4.048364105279886,1424.3342565206192,17092.01107824743,0.0,inf,inf
13414.z3.2,8276.0,3.917820481993697,497.32905082773,5967.94860993276,0.0,inf,inf
13414.z3.3,3816.0,3.5816083660320577,33.092757931781776,397.1130951813813,0.0,inf,inf
13414.z3.4,11415.0,4.057475915826254,1532.878814540416,18394.545774484992,0.0,inf,inf
13414.z4.1,3283.0,3.5162708827293403,19.544251084769094,234.53101301722913,0.0,inf,inf
13414.z4.2,4193.0,3.6225248624035684,46.02154572157766,552.2585486589319,0.0,inf,inf
13414.z4.3,3204.0,3.5056925074122,17.94689902888521,215.3627883466225,0.0,inf,inf
13414.z4.4,2144.0,3.3312247810207323,4.398098578488358,52.77718294186029,0.0,inf,inf
